{"cameraMode":{"drawMode":0,"name":"Shaded","section":"Shading Mode"},"sceneLighting":false,"audioPlay":false,"sceneViewState":{"m_AlwaysRefresh":true,"showFog":true,"showSkybox":false,"showFlares":true,"showImageEffects":true,"showParticleSystems":true,"showVisualEffectGraphs":true,"m_FxEnabled":true},"in2DMode":false,"pivot":{"x":17.395742416381837,"y":0.18304547667503358,"z":0.09818166494369507},"rotation":{"x":0.0462041012942791,"y":-0.9299980998039246,"z":0.34243759512901308,"w":0.12547217309474946},"size":0.21650634706020356,"orthographic":false}