{"cameraMode":{"drawMode":0,"name":"Shaded","section":"Shading Mode"},"sceneLighting":true,"audioPlay":false,"sceneViewState":{"m_AlwaysRefresh":true,"showFog":true,"showSkybox":true,"showFlares":true,"showImageEffects":true,"showParticleSystems":true,"showVisualEffectGraphs":true,"m_FxEnabled":true},"in2DMode":false,"pivot":{"x":5.851000785827637,"y":-3.0031051635742189,"z":-12.914976119995118},"rotation":{"x":0.35936281085014346,"y":0.6310105323791504,"z":-0.4119758903980255,"w":0.5504267811775208},"size":17.847341537475587,"orthographic":false}